song_id,term,weight,source
song_0001,sol,1.773,generated_bow
song_0001,playa,2.1984,generated_bow
song_0001,ritmo,1.9095,generated_bow
song_0001,corazon,1.717,generated_bow
song_0001,fiesta,1.8294,generated_bow
song_0001,calle,1.8938,generated_bow
song_0001,luna,1.2094,generated_bow
song_0001,beso,2.1395,generated_bow
song_0001,mar,2.008,generated_bow
song_0001,vida,2.112,generated_bow
song_0001,guitar,1.3777,generated_bow
song_0001,rebel,0.9316,generated_bow
song_0001,heart,0.9389,generated_bow
song_0001,shine,0.6139,generated_bow
song_0001,cipher,1.1977,generated_bow
song_0001,wind,0.5685,generated_bow
song_0001,roots,1.0741,generated_bow
song_0001,truth,1.2296,generated_bow
song_0002,heart,1.8479,generated_bow
song_0002,dance,2.201,generated_bow
song_0002,night,1.8125,generated_bow
song_0002,light,1.6716,generated_bow
song_0002,dream,1.2769,generated_bow
song_0002,city,1.6869,generated_bow
song_0002,mirror,2.2256,generated_bow
song_0002,summer,1.6784,generated_bow
song_0002,radio,1.993,generated_bow
song_0002,shine,1.3085,generated_bow
song_0002,memory,1.8246,generated_bow
song_0002,static,1.3144,generated_bow
song_0002,road,1.0265,generated_bow
song_0002,break,1.2613,generated_bow
song_0002,calle,1.068,generated_bow
song_0002,beat,0.7257,generated_bow
song_0002,memory,2.0472,generated_bow
song_0002,radio,2.0479,generated_bow
song_0003,velvet,1.3953,generated_bow
song_0003,touch,2.0427,generated_bow
song_0003,slow,2.2334,generated_bow
song_0003,room,2.0879,generated_bow
song_0003,soul,2.0367,generated_bow
song_0003,rain,2.0502,generated_bow
song_0003,midnight,1.9639,generated_bow
song_0003,warmth,1.3994,generated_bow
song_0003,blue,1.7194,generated_bow
song_0003,silence,1.5411,generated_bow
song_0003,mar,0.5319,generated_bow
song_0003,fire,0.5307,generated_bow
song_0003,rise,0.8074,generated_bow
song_0003,static,0.7851,generated_bow
song_0003,break,1.2618,generated_bow
song_0003,wind,1.5522,generated_bow
song_0003,drive,1.492,generated_bow
song_0003,legacy,2.0307,generated_bow
song_0004,heart,2.1501,generated_bow
song_0004,dance,1.5284,generated_bow
song_0004,night,1.8574,generated_bow
song_0004,light,2.0681,generated_bow
song_0004,dream,1.2819,generated_bow
song_0004,city,1.5774,generated_bow
song_0004,mirror,2.4326,generated_bow
song_0004,summer,1.3693,generated_bow
song_0004,radio,2.1279,generated_bow
song_0004,shine,1.6273,generated_bow
song_0004,rise,1.6994,generated_bow
song_0004,home,0.5954,generated_bow
song_0004,beat,1.5408,generated_bow
song_0004,pulse,1.794,generated_bow
song_0004,static,1.0095,generated_bow
song_0004,calle,1.3177,generated_bow
song_0004,neon,1.0934,generated_bow
song_0004,pulse,1.1747,generated_bow
song_0005,sol,2.0293,generated_bow
song_0005,playa,1.949,generated_bow
song_0005,ritmo,1.263,generated_bow
song_0005,corazon,1.9744,generated_bow
song_0005,fiesta,1.3032,generated_bow
song_0005,calle,2.2352,generated_bow
song_0005,luna,1.3643,generated_bow
song_0005,beso,2.1113,generated_bow
song_0005,mar,1.1808,generated_bow
song_0005,vida,1.3841,generated_bow
song_0005,neon,1.0513,generated_bow
song_0005,rise,1.34,generated_bow
song_0005,shine,0.8586,generated_bow
song_0005,story,1.0988,generated_bow
song_0005,midnight,1.4176,generated_bow
song_0005,radio,1.067,generated_bow
song_0005,radio,1.8139,generated_bow
song_0005,memory,1.9875,generated_bow
song_0006,fire,1.1543,generated_bow
song_0006,road,2.0291,generated_bow
song_0006,storm,1.3396,generated_bow
song_0006,voice,1.6708,generated_bow
song_0006,break,1.9477,generated_bow
song_0006,drive,1.7621,generated_bow
song_0006,guitar,1.5086,generated_bow
song_0006,thunder,1.7202,generated_bow
song_0006,rebel,1.761,generated_bow
song_0006,ashes,2.0127,generated_bow
song_0006,wave,0.6167,generated_bow
song_0006,neon,1.6163,generated_bow
song_0006,dance,0.7733,generated_bow
song_0006,calle,0.8046,generated_bow
song_0006,roots,1.3495,generated_bow
song_0006,silence,1.0585,generated_bow
song_0006,pulse,1.6179,generated_bow
song_0006,mirror,1.836,generated_bow
song_0007,pulse,2.6857,generated_bow
song_0007,signal,1.9191,generated_bow
song_0007,neon,2.6142,generated_bow
song_0007,wave,2.1864,generated_bow
song_0007,motion,1.4356,generated_bow
song_0007,echo,1.7655,generated_bow
song_0007,circuit,2.1876,generated_bow
song_0007,bass,2.074,generated_bow
song_0007,chrome,1.3008,generated_bow
song_0007,static,1.2838,generated_bow
song_0007,soul,0.9863,generated_bow
song_0007,thunder,0.5798,generated_bow
song_0007,legacy,0.7647,generated_bow
song_0007,field,0.5804,generated_bow
song_0007,wind,1.2364,generated_bow
song_0007,playa,1.3623,generated_bow
song_0007,rise,1.9867,generated_bow
song_0007,mirror,1.1699,generated_bow
song_0008,fire,1.927,generated_bow
song_0008,road,2.2435,generated_bow
song_0008,storm,1.5942,generated_bow
song_0008,voice,1.6134,generated_bow
song_0008,break,1.5423,generated_bow
song_0008,drive,1.2514,generated_bow
song_0008,guitar,1.5525,generated_bow
song_0008,thunder,1.5218,generated_bow
song_0008,rebel,1.6545,generated_bow
song_0008,ashes,1.9235,generated_bow
song_0008,warmth,0.9228,generated_bow
song_0008,mirror,1.5692,generated_bow
song_0008,story,0.825,generated_bow
song_0008,luna,1.5569,generated_bow
song_0008,signal,0.6241,generated_bow
song_0008,flow,1.5104,generated_bow
song_0008,pulse,1.2514,generated_bow
song_0008,neon,1.964,generated_bow
song_0009,flow,1.7403,generated_bow
song_0009,street,1.7163,generated_bow
song_0009,rise,1.6941,generated_bow
song_0009,beat,1.5098,generated_bow
song_0009,truth,1.957,generated_bow
song_0009,power,2.0295,generated_bow
song_0009,cipher,1.3517,generated_bow
song_0009,block,2.1348,generated_bow
song_0009,legacy,1.4458,generated_bow
song_0009,hustle,1.1685,generated_bow
song_0009,ritmo,0.5974,generated_bow
song_0009,train,0.7866,generated_bow
song_0009,fiesta,1.169,generated_bow
song_0009,room,0.7446,generated_bow
song_0009,vida,0.7909,generated_bow
song_0009,guitar,0.6338,generated_bow
song_0009,truth,1.6627,generated_bow
song_0009,chrome,2.0937,generated_bow
song_0010,pulse,1.9854,generated_bow
song_0010,signal,1.469,generated_bow
song_0010,neon,1.7001,generated_bow
song_0010,wave,1.3457,generated_bow
song_0010,motion,1.5317,generated_bow
song_0010,echo,1.17,generated_bow
song_0010,circuit,1.4255,generated_bow
song_0010,bass,1.1669,generated_bow
song_0010,chrome,2.4564,generated_bow
song_0010,static,2.2562,generated_bow
song_0010,fire,0.7084,generated_bow
song_0010,guitar,1.0222,generated_bow
song_0010,light,1.5281,generated_bow
song_0010,road,0.6169,generated_bow
song_0010,storm,1.4008,generated_bow
song_0010,ashes,0.9754,generated_bow
song_0010,roots,1.5445,generated_bow
song_0010,truth,1.9181,generated_bow
song_0011,fire,2.2301,generated_bow
song_0011,road,2.0707,generated_bow
song_0011,storm,1.1657,generated_bow
song_0011,voice,1.838,generated_bow
song_0011,break,2.1178,generated_bow
song_0011,drive,1.6238,generated_bow
song_0011,guitar,1.2109,generated_bow
song_0011,thunder,1.8818,generated_bow
song_0011,rebel,1.569,generated_bow
song_0011,ashes,1.7065,generated_bow
song_0011,corazon,1.568,generated_bow
song_0011,luna,1.1587,generated_bow
song_0011,rain,1.262,generated_bow
song_0011,midnight,0.5498,generated_bow
song_0011,velvet,0.7039,generated_bow
song_0011,radio,0.7959,generated_bow
song_0011,truth,1.004,generated_bow
song_0011,static,1.4006,generated_bow
song_0012,heart,1.703,generated_bow
song_0012,dance,1.3711,generated_bow
song_0012,night,1.7052,generated_bow
song_0012,light,1.1554,generated_bow
song_0012,dream,1.4406,generated_bow
song_0012,city,1.2487,generated_bow
song_0012,mirror,2.0895,generated_bow
song_0012,summer,1.1958,generated_bow
song_0012,radio,1.1747,generated_bow
song_0012,shine,1.4847,generated_bow
song_0012,field,0.7561,generated_bow
song_0012,street,1.1441,generated_bow
song_0012,fire,1.0821,generated_bow
song_0012,home,1.3256,generated_bow
song_0012,wind,1.2233,generated_bow
song_0012,drive,1.2876,generated_bow
song_0012,rise,1.967,generated_bow
song_0012,pulse,1.4285,generated_bow
song_0013,velvet,1.9212,generated_bow
song_0013,touch,1.7061,generated_bow
song_0013,slow,2.1509,generated_bow
song_0013,room,1.9782,generated_bow
song_0013,soul,1.7753,generated_bow
song_0013,rain,2.0442,generated_bow
song_0013,midnight,1.1677,generated_bow
song_0013,warmth,1.9051,generated_bow
song_0013,blue,2.0278,generated_bow
song_0013,silence,1.9323,generated_bow
song_0013,night,1.5517,generated_bow
song_0013,ritmo,1.2072,generated_bow
song_0013,corazon,0.5936,generated_bow
song_0013,echo,0.546,generated_bow
song_0013,field,1.2008,generated_bow
song_0013,pulse,1.5555,generated_bow
song_0013,truth,1.4143,generated_bow
song_0013,roots,1.4965,generated_bow
song_0014,flow,1.9605,generated_bow
song_0014,street,1.4274,generated_bow
song_0014,rise,1.7319,generated_bow
song_0014,beat,1.4421,generated_bow
song_0014,truth,1.9523,generated_bow
song_0014,power,1.3757,generated_bow
song_0014,cipher,1.9638,generated_bow
song_0014,block,2.2233,generated_bow
song_0014,legacy,1.6933,generated_bow
song_0014,hustle,1.5708,generated_bow
song_0014,playa,1.0269,generated_bow
song_0014,dream,1.2521,generated_bow
song_0014,warmth,1.3437,generated_bow
song_0014,neon,1.6787,generated_bow
song_0014,motion,1.207,generated_bow
song_0014,city,0.5852,generated_bow
song_0014,neon,1.1622,generated_bow
song_0014,mirror,1.2793,generated_bow
song_0015,river,1.9298,generated_bow
song_0015,home,1.4641,generated_bow
song_0015,field,1.6625,generated_bow
song_0015,memory,1.9939,generated_bow
song_0015,wind,2.2426,generated_bow
song_0015,story,1.754,generated_bow
song_0015,harbor,1.4928,generated_bow
song_0015,train,1.2444,generated_bow
song_0015,roots,1.6702,generated_bow
song_0015,letter,1.4685,generated_bow
song_0015,thunder,0.5841,generated_bow
song_0015,room,1.0573,generated_bow
song_0015,mirror,1.5941,generated_bow
song_0015,soul,1.5934,generated_bow
song_0015,voice,0.9255,generated_bow
song_0015,mar,1.5082,generated_bow
song_0015,legacy,2.0236,generated_bow
song_0015,signal,1.0821,generated_bow
song_0016,fire,1.1773,generated_bow
song_0016,road,1.1539,generated_bow
song_0016,storm,1.6909,generated_bow
song_0016,voice,1.6458,generated_bow
song_0016,break,1.4821,generated_bow
song_0016,drive,1.3048,generated_bow
song_0016,guitar,1.5284,generated_bow
song_0016,thunder,1.4977,generated_bow
song_0016,rebel,2.0743,generated_bow
song_0016,ashes,1.1519,generated_bow
song_0016,luna,1.3258,generated_bow
song_0016,summer,1.423,generated_bow
song_0016,rain,0.632,generated_bow
song_0016,memory,1.519,generated_bow
song_0016,truth,1.7843,generated_bow
song_0016,signal,1.4917,generated_bow
song_0016,truth,1.3188,generated_bow
song_0016,static,1.4094,generated_bow
song_0017,river,2.2181,generated_bow
song_0017,home,1.6299,generated_bow
song_0017,field,1.4972,generated_bow
song_0017,memory,2.0005,generated_bow
song_0017,wind,2.0137,generated_bow
song_0017,story,1.6205,generated_bow
song_0017,harbor,1.1819,generated_bow
song_0017,train,1.9878,generated_bow
song_0017,roots,1.59,generated_bow
song_0017,letter,2.1133,generated_bow
song_0017,thunder,1.1096,generated_bow
song_0017,mirror,1.2238,generated_bow
song_0017,light,0.5886,generated_bow
song_0017,corazon,1.5268,generated_bow
song_0017,slow,0.952,generated_bow
song_0017,rebel,1.1764,generated_bow
song_0017,pulse,1.1524,generated_bow
song_0017,neon,1.9564,generated_bow
song_0018,river,1.8716,generated_bow
song_0018,home,1.4809,generated_bow
song_0018,field,1.7631,generated_bow
song_0018,memory,1.5838,generated_bow
song_0018,wind,1.3341,generated_bow
song_0018,story,1.3278,generated_bow
song_0018,harbor,1.3787,generated_bow
song_0018,train,2.1466,generated_bow
song_0018,roots,1.6968,generated_bow
song_0018,letter,1.392,generated_bow
song_0018,rebel,1.4969,generated_bow
song_0018,ashes,1.5961,generated_bow
song_0018,guitar,0.995,generated_bow
song_0018,warmth,0.6536,generated_bow
song_0018,luna,0.7116,generated_bow
song_0018,touch,0.5998,generated_bow
song_0018,drive,1.3762,generated_bow
song_0018,signal,1.1002,generated_bow
song_0019,velvet,1.698,generated_bow
song_0019,touch,1.7817,generated_bow
song_0019,slow,1.5462,generated_bow
song_0019,room,1.9054,generated_bow
song_0019,soul,1.7321,generated_bow
song_0019,rain,2.0193,generated_bow
song_0019,midnight,2.0835,generated_bow
song_0019,warmth,1.2519,generated_bow
song_0019,blue,2.1365,generated_bow
song_0019,silence,1.573,generated_bow
song_0019,cipher,1.2104,generated_bow
song_0019,bass,0.975,generated_bow
song_0019,memory,0.8432,generated_bow
song_0019,voice,1.3958,generated_bow
song_0019,truth,1.5648,generated_bow
song_0019,thunder,0.64,generated_bow
song_0019,mirror,1.4677,generated_bow
song_0019,neon,1.8401,generated_bow
song_0020,heart,2.2191,generated_bow
song_0020,dance,1.2698,generated_bow
song_0020,night,2.0579,generated_bow
song_0020,light,1.9211,generated_bow
song_0020,dream,2.0812,generated_bow
song_0020,city,2.1344,generated_bow
song_0020,mirror,1.7435,generated_bow
song_0020,summer,2.0045,generated_bow
song_0020,radio,1.1515,generated_bow
song_0020,shine,1.2882,generated_bow
song_0020,roots,1.1263,generated_bow
song_0020,power,0.5414,generated_bow
song_0020,sol,1.2865,generated_bow
song_0020,guitar,1.5587,generated_bow
song_0020,truth,1.1891,generated_bow
song_0020,ashes,1.0811,generated_bow
song_0020,pulse,1.4812,generated_bow
song_0020,mirror,2.4902,generated_bow
song_0021,flow,1.7289,generated_bow
song_0021,street,1.7517,generated_bow
song_0021,rise,1.1822,generated_bow
song_0021,beat,1.603,generated_bow
song_0021,truth,1.8646,generated_bow
song_0021,power,1.2108,generated_bow
song_0021,cipher,1.3635,generated_bow
song_0021,block,2.1233,generated_bow
song_0021,legacy,2.3619,generated_bow
song_0021,hustle,1.2392,generated_bow
song_0021,heart,0.7506,generated_bow
song_0021,motion,0.9668,generated_bow
song_0021,ashes,0.9072,generated_bow
song_0021,letter,1.0422,generated_bow
song_0021,thunder,1.2654,generated_bow
song_0021,river,1.2902,generated_bow
song_0021,signal,1.3986,generated_bow
song_0021,legacy,2.086,generated_bow
song_0022,river,1.2699,generated_bow
song_0022,home,1.836,generated_bow
song_0022,field,1.8211,generated_bow
song_0022,memory,2.1361,generated_bow
song_0022,wind,1.6836,generated_bow
song_0022,story,2.1514,generated_bow
song_0022,harbor,1.2121,generated_bow
song_0022,train,1.8043,generated_bow
song_0022,roots,2.1641,generated_bow
song_0022,letter,1.2098,generated_bow
song_0022,silence,0.526,generated_bow
song_0022,ritmo,1.1557,generated_bow
song_0022,storm,0.9569,generated_bow
song_0022,break,1.2808,generated_bow
song_0022,hustle,0.7025,generated_bow
song_0022,luna,0.9946,generated_bow
song_0022,mirror,1.7832,generated_bow
song_0022,pulse,1.3456,generated_bow
song_0023,fire,1.6367,generated_bow
song_0023,road,1.2699,generated_bow
song_0023,storm,1.2361,generated_bow
song_0023,voice,1.2388,generated_bow
song_0023,break,1.6122,generated_bow
song_0023,drive,2.1237,generated_bow
song_0023,guitar,1.7672,generated_bow
song_0023,thunder,1.9847,generated_bow
song_0023,rebel,1.5681,generated_bow
song_0023,ashes,1.9956,generated_bow
song_0023,night,0.8396,generated_bow
song_0023,hustle,1.3843,generated_bow
song_0023,slow,0.5965,generated_bow
song_0023,midnight,1.2758,generated_bow
song_0023,wind,0.7153,generated_bow
song_0023,corazon,1.0957,generated_bow
song_0023,mirror,1.491,generated_bow
song_0023,pulse,1.3556,generated_bow
song_0024,fire,1.3644,generated_bow
song_0024,road,1.2191,generated_bow
song_0024,storm,1.8162,generated_bow
song_0024,voice,1.5493,generated_bow
song_0024,break,1.5185,generated_bow
song_0024,drive,2.1991,generated_bow
song_0024,guitar,1.1979,generated_bow
song_0024,thunder,1.9711,generated_bow
song_0024,rebel,1.9085,generated_bow
song_0024,ashes,2.1667,generated_bow
song_0024,night,0.8271,generated_bow
song_0024,wind,1.2937,generated_bow
song_0024,vida,1.1551,generated_bow
song_0024,letter,1.3862,generated_bow
song_0024,dream,1.5411,generated_bow
song_0024,playa,0.5719,generated_bow
song_0024,chrome,1.9086,generated_bow
song_0024,static,1.118,generated_bow
song_0025,river,2.0001,generated_bow
song_0025,home,1.818,generated_bow
song_0025,field,1.5106,generated_bow
song_0025,memory,1.5015,generated_bow
song_0025,wind,1.548,generated_bow
song_0025,story,2.0105,generated_bow
song_0025,harbor,1.2369,generated_bow
song_0025,train,1.367,generated_bow
song_0025,roots,1.9782,generated_bow
song_0025,letter,1.422,generated_bow
song_0025,vida,0.5712,generated_bow
song_0025,signal,0.5373,generated_bow
song_0025,road,1.1079,generated_bow
song_0025,heart,0.8583,generated_bow
song_0025,playa,1.5783,generated_bow
song_0025,warmth,1.4718,generated_bow
song_0025,mirror,2.0866,generated_bow
song_0025,rise,1.2914,generated_bow
song_0026,velvet,1.7424,generated_bow
song_0026,touch,2.0013,generated_bow
song_0026,slow,1.9855,generated_bow
song_0026,room,2.0077,generated_bow
song_0026,soul,1.4733,generated_bow
song_0026,rain,1.4573,generated_bow
song_0026,midnight,1.4444,generated_bow
song_0026,warmth,1.4295,generated_bow
song_0026,blue,1.4364,generated_bow
song_0026,silence,1.6333,generated_bow
song_0026,break,0.7043,generated_bow
song_0026,radio,0.7591,generated_bow
song_0026,cipher,0.8095,generated_bow
song_0026,hustle,1.4983,generated_bow
song_0026,letter,0.7071,generated_bow
song_0026,wave,0.5713,generated_bow
song_0026,static,1.2768,generated_bow
song_0026,roots,1.2705,generated_bow
song_0027,heart,1.4062,generated_bow
song_0027,dance,1.2054,generated_bow
song_0027,night,1.8105,generated_bow
song_0027,light,2.0607,generated_bow
song_0027,dream,1.3636,generated_bow
song_0027,city,1.2326,generated_bow
song_0027,mirror,2.2139,generated_bow
song_0027,summer,1.3455,generated_bow
song_0027,radio,1.8133,generated_bow
song_0027,shine,2.0025,generated_bow
song_0027,luna,1.2312,generated_bow
song_0027,ritmo,0.507,generated_bow
song_0027,truth,1.2012,generated_bow
song_0027,corazon,1.2807,generated_bow
song_0027,roots,0.8847,generated_bow
song_0027,memory,0.5412,generated_bow
song_0027,neon,1.374,generated_bow
song_0027,pulse,1.0486,generated_bow
song_0028,sol,2.0248,generated_bow
song_0028,playa,1.7528,generated_bow
song_0028,ritmo,1.2196,generated_bow
song_0028,corazon,1.2615,generated_bow
song_0028,fiesta,1.5848,generated_bow
song_0028,calle,1.7552,generated_bow
song_0028,luna,1.8531,generated_bow
song_0028,beso,1.2503,generated_bow
song_0028,mar,1.3301,generated_bow
song_0028,vida,1.9149,generated_bow
song_0028,wave,0.9508,generated_bow
song_0028,beat,0.8116,generated_bow
song_0028,road,0.8384,generated_bow
song_0028,letter,1.5485,generated_bow
song_0028,ashes,0.8436,generated_bow
song_0028,dream,1.1232,generated_bow
song_0028,pulse,1.3929,generated_bow
song_0028,neon,1.4581,generated_bow
song_0029,velvet,1.7856,generated_bow
song_0029,touch,1.5512,generated_bow
song_0029,slow,2.0004,generated_bow
song_0029,room,1.293,generated_bow
song_0029,soul,1.2069,generated_bow
song_0029,rain,1.3067,generated_bow
song_0029,midnight,2.0371,generated_bow
song_0029,warmth,1.5864,generated_bow
song_0029,blue,1.7802,generated_bow
song_0029,silence,2.17,generated_bow
song_0029,heart,1.311,generated_bow
song_0029,block,0.6889,generated_bow
song_0029,beso,0.8827,generated_bow
song_0029,fire,0.678,generated_bow
song_0029,mar,0.689,generated_bow
song_0029,summer,0.5738,generated_bow
song_0029,chrome,1.4221,generated_bow
song_0029,static,1.8289,generated_bow
song_0030,sol,2.0144,generated_bow
song_0030,playa,1.3943,generated_bow
song_0030,ritmo,1.5949,generated_bow
song_0030,corazon,2.081,generated_bow
song_0030,fiesta,2.0621,generated_bow
song_0030,calle,1.3513,generated_bow
song_0030,luna,1.39,generated_bow
song_0030,beso,1.5897,generated_bow
song_0030,mar,1.7197,generated_bow
song_0030,vida,1.5719,generated_bow
song_0030,flow,0.6354,generated_bow
song_0030,light,0.7718,generated_bow
song_0030,roots,1.2974,generated_bow
song_0030,pulse,1.487,generated_bow
song_0030,truth,0.5452,generated_bow
song_0030,city,1.6186,generated_bow
song_0030,signal,1.8332,generated_bow
song_0030,drive,1.0419,generated_bow
song_0031,pulse,1.7039,generated_bow
song_0031,signal,1.8466,generated_bow
song_0031,neon,1.1539,generated_bow
song_0031,wave,2.2348,generated_bow
song_0031,motion,1.6618,generated_bow
song_0031,echo,1.6415,generated_bow
song_0031,circuit,1.8304,generated_bow
song_0031,bass,2.0509,generated_bow
song_0031,chrome,2.0702,generated_bow
song_0031,static,2.0416,generated_bow
song_0031,ashes,0.9404,generated_bow
song_0031,train,0.5738,generated_bow
song_0031,drive,1.3944,generated_bow
song_0031,block,0.9019,generated_bow
song_0031,truth,1.3825,generated_bow
song_0031,slow,1.0548,generated_bow
song_0031,drive,1.7228,generated_bow
song_0031,signal,1.6947,generated_bow
song_0032,sol,1.2948,generated_bow
song_0032,playa,2.1243,generated_bow
song_0032,ritmo,1.4667,generated_bow
song_0032,corazon,2.0421,generated_bow
song_0032,fiesta,2.0245,generated_bow
song_0032,calle,1.9047,generated_bow
song_0032,luna,1.9432,generated_bow
song_0032,beso,1.3932,generated_bow
song_0032,mar,2.0663,generated_bow
song_0032,vida,1.8215,generated_bow
song_0032,signal,0.7774,generated_bow
song_0032,velvet,0.8562,generated_bow
song_0032,radio,1.1749,generated_bow
song_0032,dance,1.4956,generated_bow
song_0032,soul,1.002,generated_bow
song_0032,dream,0.7796,generated_bow
song_0032,neon,2.0608,generated_bow
song_0032,rise,1.5281,generated_bow
song_0033,flow,1.3356,generated_bow
song_0033,street,2.0134,generated_bow
song_0033,rise,1.2766,generated_bow
song_0033,beat,1.7338,generated_bow
song_0033,truth,1.85,generated_bow
song_0033,power,1.5458,generated_bow
song_0033,cipher,2.1102,generated_bow
song_0033,block,1.7607,generated_bow
song_0033,legacy,2.288,generated_bow
song_0033,hustle,2.1208,generated_bow
song_0033,road,0.6151,generated_bow
song_0033,story,1.5923,generated_bow
song_0033,fire,1.1928,generated_bow
song_0033,velvet,0.9337,generated_bow
song_0033,thunder,1.3774,generated_bow
song_0033,room,0.7912,generated_bow
song_0033,drive,2.0895,generated_bow
song_0033,signal,1.6351,generated_bow
song_0034,fire,1.152,generated_bow
song_0034,road,1.1872,generated_bow
song_0034,storm,1.3143,generated_bow
song_0034,voice,1.8277,generated_bow
song_0034,break,1.6255,generated_bow
song_0034,drive,1.7139,generated_bow
song_0034,guitar,2.1351,generated_bow
song_0034,thunder,1.2952,generated_bow
song_0034,rebel,1.4,generated_bow
song_0034,ashes,1.8684,generated_bow
song_0034,legacy,0.5245,generated_bow
song_0034,ritmo,0.5029,generated_bow
song_0034,wave,0.8905,generated_bow
song_0034,cipher,0.617,generated_bow
song_0034,hustle,0.8929,generated_bow
song_0034,velvet,0.7467,generated_bow
song_0034,roots,1.642,generated_bow
song_0034,truth,1.648,generated_bow
song_0035,fire,2.0104,generated_bow
song_0035,road,1.5921,generated_bow
song_0035,storm,1.4407,generated_bow
song_0035,voice,1.1626,generated_bow
song_0035,break,1.8594,generated_bow
song_0035,drive,1.7686,generated_bow
song_0035,guitar,1.5354,generated_bow
song_0035,thunder,1.8602,generated_bow
song_0035,rebel,1.6381,generated_bow
song_0035,ashes,2.1809,generated_bow
song_0035,rain,1.3069,generated_bow
song_0035,shine,0.7733,generated_bow
song_0035,roots,1.4939,generated_bow
song_0035,mirror,0.5484,generated_bow
song_0035,dream,1.0847,generated_bow
song_0035,velvet,0.9466,generated_bow
song_0035,train,1.2614,generated_bow
song_0035,street,1.0642,generated_bow
song_0036,river,1.2033,generated_bow
song_0036,home,2.1283,generated_bow
song_0036,field,2.0113,generated_bow
song_0036,memory,1.9369,generated_bow
song_0036,wind,1.157,generated_bow
song_0036,story,2.0789,generated_bow
song_0036,harbor,1.9697,generated_bow
song_0036,train,1.6618,generated_bow
song_0036,roots,1.9659,generated_bow
song_0036,letter,1.6477,generated_bow
song_0036,ritmo,0.7485,generated_bow
song_0036,static,0.6158,generated_bow
song_0036,road,0.7555,generated_bow
song_0036,neon,1.0427,generated_bow
song_0036,ashes,0.8691,generated_bow
song_0036,dream,1.3246,generated_bow
song_0036,mirror,1.7646,generated_bow
song_0036,rise,1.9299,generated_bow
song_0037,flow,1.3731,generated_bow
song_0037,street,1.3251,generated_bow
song_0037,rise,2.6565,generated_bow
song_0037,beat,1.3611,generated_bow
song_0037,truth,1.5776,generated_bow
song_0037,power,1.8114,generated_bow
song_0037,cipher,1.5674,generated_bow
song_0037,block,2.0871,generated_bow
song_0037,legacy,2.1638,generated_bow
song_0037,hustle,2.2298,generated_bow
song_0037,city,1.4257,generated_bow
song_0037,luna,1.09,generated_bow
song_0037,neon,1.5194,generated_bow
song_0037,heart,1.0837,generated_bow
song_0037,fire,0.507,generated_bow
song_0037,guitar,0.5292,generated_bow
song_0037,pulse,2.0513,generated_bow
song_0037,mirror,1.2572,generated_bow
song_0038,pulse,2.4208,generated_bow
song_0038,signal,1.184,generated_bow
song_0038,neon,1.8022,generated_bow
song_0038,wave,1.8579,generated_bow
song_0038,motion,1.1969,generated_bow
song_0038,echo,1.2246,generated_bow
song_0038,circuit,1.2014,generated_bow
song_0038,bass,2.0921,generated_bow
song_0038,chrome,1.9879,generated_bow
song_0038,static,1.3692,generated_bow
song_0038,night,1.55,generated_bow
song_0038,dance,1.0873,generated_bow
song_0038,summer,1.2306,generated_bow
song_0038,mirror,1.9677,generated_bow
song_0038,letter,1.3313,generated_bow
song_0038,fire,1.2824,generated_bow
song_0038,mirror,1.4222,generated_bow
song_0038,neon,1.9212,generated_bow
song_0039,sol,1.5011,generated_bow
song_0039,playa,1.6161,generated_bow
song_0039,ritmo,1.173,generated_bow
song_0039,corazon,1.4324,generated_bow
song_0039,fiesta,1.4609,generated_bow
song_0039,calle,1.9373,generated_bow
song_0039,luna,1.5548,generated_bow
song_0039,beso,1.5029,generated_bow
song_0039,mar,2.2104,generated_bow
song_0039,vida,1.7041,generated_bow
song_0039,mirror,1.9365,generated_bow
song_0039,radio,1.1801,generated_bow
song_0039,silence,0.5341,generated_bow
song_0039,velvet,0.9542,generated_bow
song_0039,chrome,0.9801,generated_bow
song_0039,signal,1.3503,generated_bow
song_0039,pulse,1.3815,generated_bow
song_0039,rise,1.7751,generated_bow
song_0040,fire,1.6899,generated_bow
song_0040,road,1.6906,generated_bow
song_0040,storm,2.0264,generated_bow
song_0040,voice,1.353,generated_bow
song_0040,break,1.694,generated_bow
song_0040,drive,1.5319,generated_bow
song_0040,guitar,2.065,generated_bow
song_0040,thunder,1.4366,generated_bow
song_0040,rebel,2.1883,generated_bow
song_0040,ashes,1.4621,generated_bow
song_0040,wave,0.7362,generated_bow
song_0040,rise,1.7694,generated_bow
song_0040,legacy,1.0481,generated_bow
song_0040,blue,0.6209,generated_bow
song_0040,luna,1.2002,generated_bow
song_0040,light,0.589,generated_bow
song_0040,neon,1.8667,generated_bow
song_0040,pulse,1.7669,generated_bow
song_0041,river,1.6209,generated_bow
song_0041,home,1.7494,generated_bow
song_0041,field,1.3382,generated_bow
song_0041,memory,2.2307,generated_bow
song_0041,wind,1.8438,generated_bow
song_0041,story,2.1883,generated_bow
song_0041,harbor,1.2896,generated_bow
song_0041,train,1.8035,generated_bow
song_0041,roots,1.9082,generated_bow
song_0041,letter,1.8159,generated_bow
song_0041,block,0.5373,generated_bow
song_0041,luna,1.1397,generated_bow
song_0041,touch,1.0739,generated_bow
song_0041,dance,1.4548,generated_bow
song_0041,beat,0.9953,generated_bow
song_0041,voice,1.1091,generated_bow
song_0041,mirror,1.3557,generated_bow
song_0041,pulse,1.5095,generated_bow
song_0042,flow,1.3216,generated_bow
song_0042,street,1.4223,generated_bow
song_0042,rise,2.0092,generated_bow
song_0042,beat,1.7244,generated_bow
song_0042,truth,1.327,generated_bow
song_0042,power,1.5109,generated_bow
song_0042,cipher,1.3582,generated_bow
song_0042,block,2.2227,generated_bow
song_0042,legacy,1.9516,generated_bow
song_0042,hustle,1.262,generated_bow
song_0042,neon,2.0586,generated_bow
song_0042,storm,0.6118,generated_bow
song_0042,thunder,0.9227,generated_bow
song_0042,ashes,1.5822,generated_bow
song_0042,blue,1.3744,generated_bow
song_0042,rain,1.3066,generated_bow
song_0042,pulse,1.4784,generated_bow
song_0042,mirror,1.2158,generated_bow
song_0043,river,2.229,generated_bow
song_0043,home,1.4758,generated_bow
song_0043,field,1.1743,generated_bow
song_0043,memory,1.4329,generated_bow
song_0043,wind,1.9621,generated_bow
song_0043,story,1.1561,generated_bow
song_0043,harbor,1.4165,generated_bow
song_0043,train,2.0882,generated_bow
song_0043,roots,2.4213,generated_bow
song_0043,letter,1.7962,generated_bow
song_0043,heart,1.2119,generated_bow
song_0043,power,1.4306,generated_bow
song_0043,fiesta,1.2347,generated_bow
song_0043,sol,1.2177,generated_bow
song_0043,block,1.4654,generated_bow
song_0043,soul,1.2059,generated_bow
song_0043,static,1.6421,generated_bow
song_0043,roots,1.9015,generated_bow
song_0044,flow,2.0844,generated_bow
song_0044,street,1.681,generated_bow
song_0044,rise,1.6716,generated_bow
song_0044,beat,2.0944,generated_bow
song_0044,truth,1.7201,generated_bow
song_0044,power,1.8772,generated_bow
song_0044,cipher,2.1103,generated_bow
song_0044,block,2.1339,generated_bow
song_0044,legacy,1.5109,generated_bow
song_0044,hustle,1.1617,generated_bow
song_0044,beso,1.4151,generated_bow
song_0044,harbor,1.499,generated_bow
song_0044,drive,0.617,generated_bow
song_0044,sol,0.7763,generated_bow
song_0044,story,0.7397,generated_bow
song_0044,rain,1.2878,generated_bow
song_0044,pulse,2.0465,generated_bow
song_0044,rise,1.8698,generated_bow
song_0045,fire,2.1928,generated_bow
song_0045,road,1.3811,generated_bow
song_0045,storm,1.9028,generated_bow
song_0045,voice,1.5817,generated_bow
song_0045,break,1.989,generated_bow
song_0045,drive,1.2846,generated_bow
song_0045,guitar,2.2329,generated_bow
song_0045,thunder,1.541,generated_bow
song_0045,rebel,1.2123,generated_bow
song_0045,ashes,1.4518,generated_bow
song_0045,velvet,0.9397,generated_bow
song_0045,sol,0.5146,generated_bow
song_0045,corazon,0.9604,generated_bow
song_0045,memory,0.9626,generated_bow
song_0045,wave,1.2681,generated_bow
song_0045,home,0.8873,generated_bow
song_0045,truth,1.2917,generated_bow
song_0045,roots,1.2469,generated_bow
song_0046,river,1.8564,generated_bow
song_0046,home,1.9428,generated_bow
song_0046,field,2.0461,generated_bow
song_0046,memory,1.3109,generated_bow
song_0046,wind,1.8826,generated_bow
song_0046,story,2.0638,generated_bow
song_0046,harbor,2.0248,generated_bow
song_0046,train,1.6046,generated_bow
song_0046,roots,2.2458,generated_bow
song_0046,letter,1.9859,generated_bow
song_0046,radio,1.2146,generated_bow
song_0046,silence,1.3578,generated_bow
song_0046,dream,1.0163,generated_bow
song_0046,playa,1.362,generated_bow
song_0046,luna,0.7535,generated_bow
song_0046,velvet,1.2746,generated_bow
song_0046,pulse,1.7562,generated_bow
song_0046,rise,2.0812,generated_bow
song_0047,flow,2.1367,generated_bow
song_0047,street,1.318,generated_bow
song_0047,rise,1.9835,generated_bow
song_0047,beat,1.5736,generated_bow
song_0047,truth,1.2438,generated_bow
song_0047,power,1.771,generated_bow
song_0047,cipher,1.5072,generated_bow
song_0047,block,2.1869,generated_bow
song_0047,legacy,1.7337,generated_bow
song_0047,hustle,1.5297,generated_bow
song_0047,river,1.1407,generated_bow
song_0047,pulse,1.723,generated_bow
song_0047,signal,0.7307,generated_bow
song_0047,train,0.5792,generated_bow
song_0047,static,0.8223,generated_bow
song_0047,velvet,1.169,generated_bow
song_0047,neon,1.6363,generated_bow
song_0047,mirror,1.9396,generated_bow
song_0048,fire,1.6939,generated_bow
song_0048,road,1.3844,generated_bow
song_0048,storm,1.2365,generated_bow
song_0048,voice,2.0732,generated_bow
song_0048,break,1.8884,generated_bow
song_0048,drive,1.2787,generated_bow
song_0048,guitar,1.2803,generated_bow
song_0048,thunder,1.6109,generated_bow
song_0048,rebel,2.0598,generated_bow
song_0048,ashes,1.6706,generated_bow
song_0048,static,1.1129,generated_bow
song_0048,beso,1.0328,generated_bow
song_0048,soul,1.496,generated_bow
song_0048,chrome,1.2705,generated_bow
song_0048,sol,0.7712,generated_bow
song_0048,city,0.6811,generated_bow
song_0048,mirror,1.6596,generated_bow
song_0048,neon,1.808,generated_bow
song_0049,velvet,1.8612,generated_bow
song_0049,touch,1.1726,generated_bow
song_0049,slow,1.2005,generated_bow
song_0049,room,1.9602,generated_bow
song_0049,soul,2.2489,generated_bow
song_0049,rain,2.0395,generated_bow
song_0049,midnight,1.2534,generated_bow
song_0049,warmth,1.6826,generated_bow
song_0049,blue,1.9829,generated_bow
song_0049,silence,1.3089,generated_bow
song_0049,beat,0.7347,generated_bow
song_0049,block,0.9572,generated_bow
song_0049,cipher,0.6396,generated_bow
song_0049,wave,0.6039,generated_bow
song_0049,dream,1.2249,generated_bow
song_0049,road,0.8754,generated_bow
song_0049,roots,1.8564,generated_bow
song_0049,truth,1.6095,generated_bow
song_0050,river,1.7041,generated_bow
song_0050,home,1.4489,generated_bow
song_0050,field,1.7071,generated_bow
song_0050,memory,2.2225,generated_bow
song_0050,wind,1.87,generated_bow
song_0050,story,2.0211,generated_bow
song_0050,harbor,1.514,generated_bow
song_0050,train,1.4988,generated_bow
song_0050,roots,1.4791,generated_bow
song_0050,letter,1.7951,generated_bow
song_0050,ritmo,1.1983,generated_bow
song_0050,rebel,1.3626,generated_bow
song_0050,mar,0.5441,generated_bow
song_0050,rise,1.7949,generated_bow
song_0050,vida,1.4742,generated_bow
song_0050,signal,1.0999,generated_bow
song_0050,rise,1.0547,generated_bow
song_0050,pulse,1.3304,generated_bow
song_0051,sol,1.1934,generated_bow
song_0051,playa,1.847,generated_bow
song_0051,ritmo,1.8378,generated_bow
song_0051,corazon,1.3413,generated_bow
song_0051,fiesta,1.88,generated_bow
song_0051,calle,2.1061,generated_bow
song_0051,luna,1.6137,generated_bow
song_0051,beso,1.2607,generated_bow
song_0051,mar,2.1736,generated_bow
song_0051,vida,1.1648,generated_bow
song_0051,letter,1.4591,generated_bow
song_0051,shine,0.6526,generated_bow
song_0051,pulse,1.3403,generated_bow
song_0051,wave,1.2811,generated_bow
song_0051,motion,1.4487,generated_bow
song_0051,rain,0.7033,generated_bow
song_0051,neon,1.0377,generated_bow
song_0051,rise,1.0224,generated_bow
song_0052,pulse,1.2239,generated_bow
song_0052,signal,1.898,generated_bow
song_0052,neon,1.8032,generated_bow
song_0052,wave,2.2424,generated_bow
song_0052,motion,1.8753,generated_bow
song_0052,echo,1.3208,generated_bow
song_0052,circuit,1.9969,generated_bow
song_0052,bass,1.7537,generated_bow
song_0052,chrome,1.7412,generated_bow
song_0052,static,2.1694,generated_bow
song_0052,ritmo,1.4853,generated_bow
song_0052,summer,1.1896,generated_bow
song_0052,silence,0.9697,generated_bow
song_0052,playa,0.5103,generated_bow
song_0052,cipher,1.2363,generated_bow
song_0052,harbor,1.5853,generated_bow
song_0052,truth,1.9443,generated_bow
song_0052,static,1.8901,generated_bow
song_0053,velvet,1.9853,generated_bow
song_0053,touch,1.4725,generated_bow
song_0053,slow,1.7632,generated_bow
song_0053,room,1.6979,generated_bow
song_0053,soul,1.8865,generated_bow
song_0053,rain,2.129,generated_bow
song_0053,midnight,2.1549,generated_bow
song_0053,warmth,1.2079,generated_bow
song_0053,blue,1.1852,generated_bow
song_0053,silence,1.2166,generated_bow
song_0053,legacy,1.4717,generated_bow
song_0053,circuit,1.2553,generated_bow
song_0053,bass,1.18,generated_bow
song_0053,road,0.9278,generated_bow
song_0053,light,0.8437,generated_bow
song_0053,beat,1.1601,generated_bow
song_0053,static,2.0535,generated_bow
song_0053,roots,1.9184,generated_bow
song_0054,river,1.5743,generated_bow
song_0054,home,2.0149,generated_bow
song_0054,field,2.1894,generated_bow
song_0054,memory,2.0131,generated_bow
song_0054,wind,1.7735,generated_bow
song_0054,story,1.4716,generated_bow
song_0054,harbor,1.2167,generated_bow
song_0054,train,2.2213,generated_bow
song_0054,roots,1.9236,generated_bow
song_0054,letter,2.0601,generated_bow
song_0054,playa,0.8652,generated_bow
song_0054,summer,1.1664,generated_bow
song_0054,beat,1.5752,generated_bow
song_0054,touch,1.4144,generated_bow
song_0054,fire,1.1613,generated_bow
song_0054,velvet,0.8395,generated_bow
song_0054,rise,1.4714,generated_bow
song_0054,pulse,1.9769,generated_bow
song_0055,flow,2.0666,generated_bow
song_0055,street,2.0429,generated_bow
song_0055,rise,2.1039,generated_bow
song_0055,beat,1.7791,generated_bow
song_0055,truth,1.4512,generated_bow
song_0055,power,2.0863,generated_bow
song_0055,cipher,2.0377,generated_bow
song_0055,block,1.9031,generated_bow
song_0055,legacy,2.6551,generated_bow
song_0055,hustle,1.5315,generated_bow
song_0055,guitar,0.5936,generated_bow
song_0055,thunder,1.109,generated_bow
song_0055,train,1.3771,generated_bow
song_0055,fire,0.7205,generated_bow
song_0055,bass,1.3252,generated_bow
song_0055,ritmo,1.5249,generated_bow
song_0055,city,1.2574,generated_bow
song_0055,signal,1.6676,generated_bow
song_0056,pulse,1.4062,generated_bow
song_0056,signal,1.7875,generated_bow
song_0056,neon,2.1366,generated_bow
song_0056,wave,2.1236,generated_bow
song_0056,motion,1.724,generated_bow
song_0056,echo,1.6742,generated_bow
song_0056,circuit,1.7983,generated_bow
song_0056,bass,1.3581,generated_bow
song_0056,chrome,1.8615,generated_bow
song_0056,static,1.8488,generated_bow
song_0056,sol,1.2712,generated_bow
song_0056,truth,1.3991,generated_bow
song_0056,hustle,1.1209,generated_bow
song_0056,wind,0.9427,generated_bow
song_0056,city,1.0689,generated_bow
song_0056,luna,0.6639,generated_bow
song_0056,roots,1.0491,generated_bow
song_0056,chrome,2.7469,generated_bow
song_0057,sol,1.1869,generated_bow
song_0057,playa,2.2394,generated_bow
song_0057,ritmo,2.1027,generated_bow
song_0057,corazon,1.6849,generated_bow
song_0057,fiesta,1.7739,generated_bow
song_0057,calle,1.4378,generated_bow
song_0057,luna,2.0071,generated_bow
song_0057,beso,1.6185,generated_bow
song_0057,mar,2.1911,generated_bow
song_0057,vida,1.994,generated_bow
song_0057,flow,1.4007,generated_bow
song_0057,roots,1.5598,generated_bow
song_0057,dance,0.7794,generated_bow
song_0057,rise,0.5417,generated_bow
song_0057,thunder,0.7211,generated_bow
song_0057,memory,1.1988,generated_bow
song_0057,radio,1.092,generated_bow
song_0057,memory,1.0561,generated_bow
song_0058,sol,1.2488,generated_bow
song_0058,playa,2.163,generated_bow
song_0058,ritmo,1.7072,generated_bow
song_0058,corazon,1.3509,generated_bow
song_0058,fiesta,2.0847,generated_bow
song_0058,calle,1.558,generated_bow
song_0058,luna,1.4086,generated_bow
song_0058,beso,1.9428,generated_bow
song_0058,mar,1.3393,generated_bow
song_0058,vida,2.1859,generated_bow
song_0058,silence,1.5353,generated_bow
song_0058,summer,0.5652,generated_bow
song_0058,echo,1.1081,generated_bow
song_0058,city,0.5306,generated_bow
song_0058,guitar,1.511,generated_bow
song_0058,flow,0.7837,generated_bow
song_0058,static,1.5647,generated_bow
song_0058,roots,1.8135,generated_bow
song_0059,fire,1.266,generated_bow
song_0059,road,1.5063,generated_bow
song_0059,storm,1.4327,generated_bow
song_0059,voice,1.2866,generated_bow
song_0059,break,1.6794,generated_bow
song_0059,drive,1.3354,generated_bow
song_0059,guitar,1.4123,generated_bow
song_0059,thunder,1.3075,generated_bow
song_0059,rebel,1.8954,generated_bow
song_0059,ashes,1.1639,generated_bow
song_0059,rise,1.7889,generated_bow
song_0059,room,0.7146,generated_bow
song_0059,warmth,0.5396,generated_bow
song_0059,hustle,1.5204,generated_bow
song_0059,bass,0.7426,generated_bow
song_0059,calle,1.5274,generated_bow
song_0059,rise,1.9534,generated_bow
song_0059,mirror,1.9776,generated_bow
song_0060,sol,1.5526,generated_bow
song_0060,playa,1.5152,generated_bow
song_0060,ritmo,1.9597,generated_bow
song_0060,corazon,1.3483,generated_bow
song_0060,fiesta,1.6465,generated_bow
song_0060,calle,2.1282,generated_bow
song_0060,luna,1.6329,generated_bow
song_0060,beso,1.3143,generated_bow
song_0060,mar,1.6101,generated_bow
song_0060,vida,1.4214,generated_bow
song_0060,legacy,0.528,generated_bow
song_0060,street,1.6281,generated_bow
song_0060,flow,0.8262,generated_bow
song_0060,slow,1.3846,generated_bow
song_0060,break,0.7867,generated_bow
song_0060,river,0.6202,generated_bow
song_0060,radio,1.5018,generated_bow
song_0060,street,1.5307,generated_bow
